Giorno,Transazioni,fb_spent,google_spent,organico,day_week,month,cambio_penusd,ios_14
7/1/2018,0,0,0,32,6,7,3.2889,0
7/2/2018,0,0,0,41,0,7,3.2889,0
7/3/2018,0,0,0,28,1,7,3.285,0
7/4/2018,0,0,0,21,2,7,3.2895,0
7/5/2018,0,0,0,32,3,7,3.285,0
7/6/2018,0,0,0,30,4,7,3.281,0
7/7/2018,0,0,0,28,5,7,3.2059,0
7/8/2018,0,0,0,34,6,7,3.2059,0
7/9/2018,0,0,0,51,0,7,3.275,0
7/10/2018,0,0,0,43,1,7,3.2672,0
7/11/2018,0,0,0,51,2,7,3.278,0
7/12/2018,0,0,0,34,3,7,3.267,0
7/13/2018,0,0,0,53,4,7,3.265,0
7/14/2018,0,0,0,46,5,7,3.265,0
7/15/2018,0,0,0,35,6,7,3.265,0
7/16/2018,0,0,0,49,0,7,3.2665,0
7/17/2018,0,0,0,45,1,7,3.271,0
7/18/2018,0,0,0,49,2,7,3.269,0
7/19/2018,0,0,0,47,3,7,3.273,0
7/20/2018,0,0,0,40,4,7,3.275,0
7/21/2018,0,0,0,44,5,7,3.1839,0
7/22/2018,0,0,0,53,6,7,3.1839,0
7/23/2018,0,0,0,55,0,7,3.2779,0
7/24/2018,0,0,0,54,1,7,3.2706,0
7/25/2018,0,0,0,39,2,7,3.2709,0
7/26/2018,0,0,0,51,3,7,3.2707,0
7/27/2018,0,0,0,41,4,7,3.2685,0
7/28/2018,0,0,0,32,5,7,3.2685,0
7/29/2018,0,0,0,55,6,7,3.2685,0
7/30/2018,0,0,0,66,0,7,3.2647,0
7/31/2018,0,0,0,61,1,7,3.269,0
8/1/2018,0,0,0,72,2,8,3.268,0
8/2/2018,0,0,0,72,3,8,3.272,0
8/3/2018,0,0,0,52,4,8,3.2664,0
8/4/2018,0,0,0,48,5,8,3.2664,0
8/5/2018,0,0,0,59,6,8,3.2664,0
8/6/2018,0,0,0,59,0,8,3.266,0
8/7/2018,0,0,0,76,1,8,3.267,0
8/8/2018,0,0,0,69,2,8,3.267,0
8/9/2018,0,0,0,80,3,8,3.265,0
8/10/2018,0,0,0,68,4,8,3.2785,0
8/11/2018,0,0,0,68,5,8,3.2785,0
8/12/2018,0,0,0,58,6,8,3.2785,0
8/13/2018,0,0,0,78,0,8,3.2854,0
8/14/2018,0,0,0,59,1,8,3.299,0
8/15/2018,0,0,0,56,2,8,3.317,0
8/16/2018,0,0,0,56,3,8,3.3085,0
8/17/2018,0,0,0,44,4,8,3.321,0
8/18/2018,0,0,0,55,5,8,3.321,0
8/19/2018,0,0,0,50,6,8,3.321,0
8/20/2018,0,0,0,64,0,8,3.305,0
8/21/2018,0,0,0,77,1,8,3.298,0
8/22/2018,0,0,0,80,2,8,3.2826,0
8/23/2018,0,0,0,72,3,8,3.299,0
8/24/2018,0,0,0,67,4,8,3.2221,0
8/25/2018,0,0,0,57,5,8,3.2221,0
8/26/2018,0,0,0,81,6,8,3.2221,0
8/27/2018,0,0,0,73,0,8,3.2861,0
8/28/2018,0,0,0,87,1,8,3.2915,0
8/29/2018,0,0,0,67,2,8,3.2935,0
8/30/2018,0,0,0,58,3,8,3.307,0
8/31/2018,0,0,0,70,4,8,3.3032,0
9/1/2018,0,0,0,49,5,9,3.3032,0
9/2/2018,0,0,0,78,6,9,3.3032,0
9/3/2018,0,0,0,57,0,9,3.3032,0
9/4/2018,0,0,0,61,1,9,3.3145,0
9/5/2018,0,0,0,78,2,9,3.3145,0
9/6/2018,0,0,0,59,3,9,3.3206,0
9/7/2018,0,0,0,59,4,9,3.3162,0
9/8/2018,0,0,0,77,5,9,3.3162,0
9/9/2018,0,0,0,65,6,9,3.3162,0
9/10/2018,0,0,0,68,0,9,3.323,0
9/11/2018,0,0,0,62,1,9,3.3352,0
9/12/2018,0,0,0,59,2,9,3.3276,0
9/13/2018,0,0,0,57,3,9,3.3125,0
9/14/2018,0,0,0,50,4,9,3.309,0
9/15/2018,0,0,0,29,5,9,3.309,0
9/16/2018,0,0,0,52,6,9,0.3,0
9/17/2018,0,0,0,66,0,9,3.3146,0
9/18/2018,0,0,0,50,1,9,3.3046,0
9/19/2018,0,0,0,57,2,9,3.2982,0
9/20/2018,0,0,0,60,3,9,3.2967,0
9/21/2018,0,0,0,45,4,9,3.2872,0
9/22/2018,0,0,0,44,5,9,3.2269,0
9/23/2018,0,0,0,49,6,9,0.29737,0
9/24/2018,0,0,0,65,0,9,3.2283,0
9/25/2018,0,0,0,47,1,9,3.304,0
9/26/2018,0,0,0,56,2,9,3.3003,0
9/27/2018,0,0,0,60,3,9,3.3011,0
9/28/2018,0,0,0,40,4,9,3.2976,0
9/29/2018,0,0,0,51,5,9,3.2976,0
9/30/2018,0,0,0,48,6,9,3.2976,0
10/1/2018,0,0,0,69,0,10,3.3048,0
10/2/2018,0,0,0,63,1,10,3.312,0
10/3/2018,0,0,0,58,2,10,3.3095,0
10/4/2018,0,0,0,73,3,10,3.326,0
10/5/2018,0,0,0,53,4,10,3.319,0
10/6/2018,0,0,0,29,5,10,3.2486,0
10/7/2018,0,0,0,40,6,10,3.2486,0
10/8/2018,0,0,0,40,0,10,3.3186,0
10/9/2018,0,0,0,53,1,10,3.3262,0
10/10/2018,0,0,0,48,2,10,3.3272,0
10/11/2018,0,0,0,54,3,10,3.325,0
10/12/2018,0,0,0,66,4,10,3.333,0
10/13/2018,0,0,0,60,5,10,3.333,0
10/14/2018,0,0,0,55,6,10,3.333,0
10/15/2018,0,0,0,60,0,10,3.331,0
10/16/2018,0,0,0,68,1,10,3.3297,0
10/17/2018,0,0,0,57,2,10,3.3321,0
10/18/2018,0,0,0,59,3,10,3.3356,0
10/19/2018,0,0,0,46,4,10,3.3277,0
10/20/2018,0,0,0,57,5,10,3.3277,0
10/21/2018,0,0,0,52,6,10,3.3277,0
10/22/2018,0,0,0,74,0,10,3.327,0
10/23/2018,0,0,0,70,1,10,3.332,0
10/24/2018,0,0,0,53,2,10,3.3375,0
10/25/2018,0,0,0,54,3,10,3.34,0
10/26/2018,0,0,0,61,4,10,3.3425,0
10/27/2018,0,0,0,46,5,10,3.3425,0
10/28/2018,0,0,0,48,6,10,3.2543,0
10/29/2018,0,0,0,48,0,10,3.3488,0
10/30/2018,0,0,0,51,1,10,3.36,0
10/31/2018,0,0,0,40,2,10,3.3705,0
11/1/2018,0,0,0,42,3,11,3.3615,0
11/2/2018,0,0,0,58,4,11,3.356,0
11/3/2018,0,0,0,50,5,11,3.356,0
11/4/2018,0,0,0,52,6,11,3.356,0
11/5/2018,0,0,0,40,0,11,3.364,0
11/6/2018,0,0,0,38,1,11,3.3696,0
11/7/2018,0,0,0,43,2,11,3.361,0
11/8/2018,0,0,0,46,3,11,3.368,0
11/9/2018,0,0,0,43,4,11,3.3706,0
11/10/2018,0,0,0,44,5,11,3.3706,0
11/11/2018,0,0,0,46,6,11,3.3706,0
11/12/2018,0,0,0,58,0,11,3.3715,0
11/13/2018,0,0,0,52,1,11,3.376,0
11/14/2018,0,0,0,47,2,11,3.378,0
11/15/2018,0,0,0,46,3,11,3.379,0
11/16/2018,0,0,0,56,4,11,3.3731,0
11/17/2018,0,0,0,38,5,11,3.2856,0
11/18/2018,0,0,0,46,6,11,3.2856,0
11/19/2018,0,0,0,65,0,11,3.3725,0
11/20/2018,0,0,0,73,1,11,3.3816,0
11/21/2018,0,0,0,60,2,11,3.375,0
11/22/2018,0,0,0,61,3,11,3.3706,0
11/23/2018,0,0,0,79,4,11,3.376,0
11/24/2018,0,0,0,47,5,11,3.3075,0
11/25/2018,0,0,0,38,6,11,3.3075,0
11/26/2018,0,0,0,61,0,11,3.376,0
11/27/2018,0,0,0,51,1,11,3.3806,0
11/28/2018,0,0,0,40,2,11,3.37,0
11/29/2018,0,0,0,47,3,11,3.377,0
11/30/2018,0,0,0,58,4,11,3.3826,0
12/1/2018,0,0,0,42,5,12,3.325,0
12/2/2018,0,0,0,41,6,12,3.325,0
12/3/2018,0,0,0,75,0,12,3.3746,0
12/4/2018,0,0,0,48,1,12,3.385,0
12/5/2018,0,0,0,56,2,12,3.3775,0
12/6/2018,0,0,0,62,3,12,3.373,0
12/7/2018,0,0,0,76,4,12,3.365,0
12/8/2018,0,0,0,56,5,12,3.365,0
12/9/2018,0,0,0,51,6,12,3.365,0
12/10/2018,0,0,0,78,0,12,3.365,0
12/11/2018,0,0,0,68,1,12,3.3565,0
12/12/2018,0,0,0,64,2,12,3.3545,0
12/13/2018,0,0,0,70,3,12,3.347,0
12/14/2018,0,0,0,63,4,12,3.3425,0
12/15/2018,0,0,0,44,5,12,3.3425,0
12/16/2018,0,0,0,54,6,12,3.3425,0
12/17/2018,0,0,0,80,0,12,3.3401,0
12/18/2018,0,0,0,89,1,12,3.3397,0
12/19/2018,0,0,0,61,2,12,3.347,0
12/20/2018,0,0,0,48,3,12,3.3396,0
12/21/2018,0,0,0,49,4,12,3.358,0
12/22/2018,0,0,0,65,5,12,3.358,0
12/23/2018,0,0,0,62,6,12,3.358,0
12/24/2018,0,0,0,51,0,12,3.3522,0
12/25/2018,0,0,0,33,1,12,3.3518,0
12/26/2018,0,0,0,54,2,12,3.37,0
12/27/2018,0,0,0,55,3,12,3.3745,0
12/28/2018,0,0,0,40,4,12,3.3646,0
12/29/2018,0,0,0,40,5,12,3.3646,0
12/30/2018,0,0,0,34,6,12,3.3646,0
12/31/2018,0,0,0,28,0,12,3.3765,0
1/1/2019,0,0,0,31,1,1,3.3676,0
1/2/2019,0,0,0,54,2,1,3.3695,0
1/3/2019,0,0,0,49,3,1,3.363,0
1/4/2019,0,0,0,50,4,1,3.3519,0
1/5/2019,0,0,0,53,5,1,3.3519,0
1/6/2019,0,0,0,44,6,1,3.3519,0
1/7/2019,0,0,0,80,0,1,3.348,0
1/8/2019,0,0,0,67,1,1,3.34,0
1/9/2019,0,0,0,64,2,1,3.3325,0
1/10/2019,0,0,0,63,3,1,3.3426,0
1/11/2019,0,0,0,53,4,1,3.3375,0
1/12/2019,0,0,0,36,5,1,3.3375,0
1/13/2019,0,0,0,49,6,1,3.3375,0
1/14/2019,0,0,0,47,0,1,3.3415,0
1/15/2019,0,0,0,57,1,1,3.329,0
1/16/2019,0,0,0,50,2,1,3.33,0
1/17/2019,0,0,0,48,3,1,3.3215,0
1/18/2019,0,0,0,42,4,1,3.319,0
1/19/2019,0,0,0,42,5,1,3.3215,0
1/20/2019,0,0,0,53,6,1,3.319,0
1/21/2019,0,0,0,56,0,1,3.3276,0
1/22/2019,0,0,0,56,1,1,3.3376,0
1/23/2019,0,0,0,44,2,1,3.3365,0
1/24/2019,0,0,0,54,3,1,3.344,0
1/25/2019,0,0,0,46,4,1,3.3385,0
1/26/2019,0,0,0,33,5,1,3.2611,0
1/27/2019,0,0,0,50,6,1,3.2611,0
1/28/2019,0,0,0,40,0,1,3.354,0
1/29/2019,0,0,0,55,1,1,3.3586,0
1/30/2019,0,0,0,57,2,1,3.348,0
1/31/2019,0,0,0,55,3,1,3.338,0
2/1/2019,0,0,0,55,4,2,3.3225,0
2/2/2019,0,0,0,37,5,2,3.3225,0
2/3/2019,0,0,0,51,6,2,3.3225,0
2/4/2019,0,0,0,59,0,2,3.327,0
2/5/2019,0,0,0,50,1,2,3.321,0
2/6/2019,0,0,0,59,2,2,3.32,0
2/7/2019,0,0,0,64,3,2,3.32,0
2/8/2019,0,0,0,51,4,2,3.321,0
2/9/2019,0,0,0,33,5,2,3.2547,0
2/10/2019,0,0,0,44,6,2,3.2547,0
2/11/2019,0,0,0,50,0,2,3.331,0
2/12/2019,0,0,0,57,1,2,3.33,0
2/13/2019,0,0,0,58,2,2,3.338,0
2/14/2019,0,0,0,43,3,2,3.3355,0
2/15/2019,0,0,0,38,4,2,3.337,0
2/16/2019,0,0,0,40,5,2,3.3385,0
2/17/2019,0,0,0,46,6,2,3.3385,0
2/18/2019,0,0,0,55,0,2,3.3205,0
2/19/2019,0,0,0,70,1,2,3.31,0
2/20/2019,0,0,0,58,2,2,3.32,0
2/21/2019,0,0,0,68,3,2,3.3185,0
2/22/2019,0,0,0,41,4,2,3.304,0
2/23/2019,0,0,0,47,5,2,3.2429,0
2/24/2019,0,0,0,47,6,2,3.2429,0
2/25/2019,0,0,0,62,0,2,3.3026,0
2/26/2019,0,0,0,68,1,2,3.305,0
2/27/2019,0,0,0,50,2,2,3.2985,0
2/28/2019,0,0,0,56,3,2,3.3025,0
3/1/2019,0,0,0,42,4,3,3.304,0
3/2/2019,0,0,0,54,5,3,3.3065,0
3/3/2019,0,0,0,57,6,3,3.3065,0
3/4/2019,0,0,0,52,0,3,3.3076,0
3/5/2019,0,0,0,44,1,3,3.31,0
3/6/2019,0,0,0,65,2,3,3.307,0
3/7/2019,0,0,0,74,3,3,3.31,0
3/8/2019,0,0,0,65,4,3,3.3116,0
3/9/2019,0,0,0,56,5,3,3.31295,0
3/10/2019,0,0,0,61,6,3,3.2297,0
3/11/2019,0,0,0,85,0,3,3.312,0
3/12/2019,0,0,0,137,1,3,3.3,0
3/13/2019,0,0,0,61,2,3,3.293,0
3/14/2019,0,0,0,70,3,3,3.2926,0
3/15/2019,0,0,0,58,4,3,3.295,0
3/16/2019,0,0,0,51,5,3,3.2975,0
3/17/2019,0,0,0,48,6,3,3.2975,0
3/18/2019,0,0,0,71,0,3,3.2336,0
3/19/2019,0,0,0,67,1,3,3.2987,0
3/20/2019,0,0,0,88,2,3,3.2914,0
3/21/2019,0,0,0,63,3,3,3.292,0
3/22/2019,0,0,0,62,4,3,3.295,0
3/23/2019,0,0,0,42,5,3,3.2196,0
3/24/2019,0,0,0,52,6,3,3.29025,0
3/25/2019,0,0,0,68,0,3,3.2975,0
3/26/2019,0,0,0,70,1,3,3.3042,0
3/27/2019,0,0,0,75,2,3,3.3151,0
3/28/2019,0,0,0,56,3,3,3.319,0
3/29/2019,0,0,0,63,4,3,3.318,0
3/30/2019,0,0,0,56,5,3,3.32005,0
3/31/2019,0,0,0,50,6,3,3.32005,0
4/1/2019,0,0,0,68,0,4,3.3054,0
4/2/2019,0,0,0,48,1,4,3.3095,0
4/3/2019,0,0,0,56,2,4,3.2965,0
4/4/2019,0,0,0,69,3,4,3.2976,0
4/5/2019,0,0,0,53,4,4,3.2969,0
4/6/2019,0,0,0,58,5,4,3.29805,0
4/7/2019,0,0,0,63,6,4,3.29805,0
4/8/2019,0,0,0,87,0,4,3.29,0
4/9/2019,0,0,0,76,1,4,3.29,0
4/10/2019,0,0,0,70,2,4,3.2924,0
4/11/2019,0,0,0,74,3,4,3.2298,0
4/12/2019,0,0,0,70,4,4,3.292,0
4/13/2019,0,0,0,65,5,4,3.221,0
4/14/2019,0,0,0,76,6,4,3.221,0
4/15/2019,0,0,0,76,0,4,3.2955,0
4/16/2019,0,0,0,84,1,4,3.294,0
4/17/2019,0,0,0,56,2,4,3.2912,0
4/18/2019,0,0,0,56,3,4,3.2939,0
4/19/2019,0,0,0,57,4,4,3.291,0
4/20/2019,0,0,0,55,5,4,3.2945,0
4/21/2019,0,0,0,59,6,4,3.2945,0
4/22/2019,0,0,0,61,0,4,3.304,0
4/23/2019,0,0,0,83,1,4,3.31,0
4/24/2019,0,0,0,80,2,4,3.3132,0
4/25/2019,0,0,0,75,3,4,3.3323,0
4/26/2019,0,0,0,76,4,4,3.326,0
4/27/2019,0,0,0,43,5,4,3.2559,0
4/28/2019,0,0,0,59,6,4,3.32755,0
4/29/2019,0,0,0,91,0,4,3.3165,0
4/30/2019,0,0,0,59,1,4,3.3042,0
5/1/2019,0,0,0,67,2,5,3.3008,0
5/2/2019,0,0,0,108,3,5,3.314,0
5/3/2019,0,3.19,0,88,4,5,3.3114,0
5/4/2019,0,8.7,0,78,5,5,3.31435,0
5/5/2019,0,8.74,0,74,6,5,3.31435,0
5/6/2019,0,9.79,0,88,0,5,3.311,0
5/7/2019,0,11.3,0,112,1,5,3.312,0
5/8/2019,0,28.29,0,108,2,5,3.313,0
5/9/2019,0,27.56,0,100,3,5,3.312,0
5/10/2019,0,1.09,0,94,4,5,3.3121,0
5/11/2019,0,0,0,81,5,5,3.315,0
5/12/2019,0,0,0,71,6,5,3.315,0
5/13/2019,0,0,0,92,0,5,3.327,0
5/14/2019,0,0,0,86,1,5,3.3226,0
5/15/2019,0,0,0,65,2,5,3.319,0
5/16/2019,0,0,0,80,3,5,3.3155,0
5/17/2019,0,0,0,71,4,5,3.33,0
5/18/2019,0,0,0,80,5,5,3.3335,0
5/19/2019,0,0,0,106,6,5,3.3335,0
5/20/2019,0,0,0,75,0,5,3.3328,0
5/21/2019,0,0,0,69,1,5,3.3418,0
5/22/2019,0,0,0,85,2,5,3.2803,0
5/23/2019,0,0,0,75,3,5,3.348,0
5/24/2019,0,0,0,78,4,5,3.3425,0
5/25/2019,0,0,0,67,5,5,3.2719,0
5/26/2019,0,0,0,72,6,5,3.3433,0
5/27/2019,0,0,0,103,0,5,3.3425,0
5/28/2019,0,0,0,85,1,5,3.349,0
5/29/2019,0,0,0,81,2,5,3.355,0
5/30/2019,0,0,0,103,3,5,3.3552,0
5/31/2019,0,0,0,70,4,5,3.38,0
6/1/2019,0,0,0,70,5,6,3.3815,0
6/2/2019,0,0,0,83,6,6,3.2759,0
6/3/2019,0,0,0,87,0,6,3.356,0
6/4/2019,0,0,0,88,1,6,3.3504,0
6/5/2019,0,0,0,84,2,6,3.3482,0
6/6/2019,0,1.73,0,94,3,6,3.34,0
6/7/2019,0,4.67,0,89,4,6,3.3341,0
6/8/2019,0,5.06,0,84,5,6,3.33705,0
6/9/2019,0,4.83,0,79,6,6,3.33705,0
6/10/2019,0,6.01,0,131,0,6,3.3311,0
6/11/2019,0,11.44,0,109,1,6,3.3255,0
6/12/2019,0,13.49,0,139,2,6,3.33,0
6/13/2019,0,13.25,0,103,3,6,3.33,0
6/14/2019,0,12.71,0,98,4,6,3.3325,0
6/15/2019,0,13,0,113,5,6,3.2713,0
6/16/2019,0,7.1,0,73,6,6,3.3425,0
6/17/2019,0,6.98,0,116,0,6,3.345,0
6/18/2019,0,6.76,0,120,1,6,3.333,0
6/19/2019,0,6.89,0,90,2,6,3.329,0
6/20/2019,0,5.61,0,107,3,6,3.309,0
6/21/2019,0,4.93,0,76,4,6,3.301,0
6/22/2019,0,5.28,0,71,5,6,3.304,0
6/23/2019,0,5.04,0,66,6,6,3.304,0
6/24/2019,0,4.96,0,122,0,6,3.298,0
6/25/2019,0,4.84,0,105,1,6,3.298,0
6/26/2019,0,4.95,0,83,2,6,3.301,0
6/27/2019,0,5.02,0,98,3,6,3.2922,0
6/28/2019,0,5.06,0,86,4,6,3.29,0
6/29/2019,0,5.13,0,75,5,6,3.2925,0
6/30/2019,0,5.03,0,75,6,6,3.2925,0
7/1/2019,0,4.9,0,91,0,7,3.2925,0
7/2/2019,0,4.94,0,77,1,7,3.2232,0
7/3/2019,0,5.06,0,79,2,7,3.291,0
7/4/2019,0,4.93,0,79,3,7,3.2888,0
7/5/2019,0,5.84,0,61,4,7,3.289,0
7/6/2019,0,9.24,0,95,5,7,3.2915,0
7/7/2019,0,8.82,0,70,6,7,3.2915,0
7/8/2019,0,8.74,0,106,0,7,3.2888,0
7/9/2019,0,8.8,0,103,1,7,3.293,0
7/10/2019,0,8.62,0,109,2,7,3.284,0
7/11/2019,0,8.74,0,107,3,7,3.283,0
7/12/2019,0,14.12,0,76,4,7,3.2888,0
7/13/2019,0,9.64,0,82,5,7,3.2913,0
7/14/2019,0,8.3,0,106,6,7,3.2913,0
7/15/2019,0,8.6,0,106,0,7,3.281,0
7/16/2019,0,9.11,0,115,1,7,3.283,0
7/17/2019,0,8.49,0,113,2,7,3.2848,0
7/18/2019,0,4.48,0,108,3,7,3.286,0
7/19/2019,0,3.41,0,106,4,7,3.282,0
7/20/2019,0,3.6,0,64,5,7,3.2165,0
7/21/2019,0,3.44,0,69,6,7,3.2877,0
7/22/2019,0,2.96,0,115,0,7,3.285,0
7/23/2019,0,3.26,0,96,1,7,3.285,0
7/24/2019,0,3.53,0,96,2,7,3.2895,0
7/25/2019,0,3.4,0,85,3,7,3.295,0
7/26/2019,0,3.54,0,75,4,7,3.2975,0
7/27/2019,0,3.4,0,73,5,7,3.30125,0
7/28/2019,0,3.51,0,85,6,7,3.30125,0
7/29/2019,0,3.5,0,80,0,7,3.2976,0
7/30/2019,0,3.74,0,108,1,7,3.287,0
7/31/2019,0,3.22,0,104,2,7,3.302,0
8/1/2019,0,0,0,95,3,8,3.3119,0
8/2/2019,0,0,0,67,4,8,3.3545,0
8/3/2019,0,0,0,78,5,8,3.356,0
8/4/2019,0,0,0,63,6,8,3.356,0
8/5/2019,0,0,0,123,0,8,3.355,0
8/6/2019,0,0,0,98,1,8,3.374,0
8/7/2019,0,0,0,95,2,8,3.388,0
8/8/2019,0,0,0,115,3,8,3.3792,0
8/9/2019,0,0,0,104,4,8,3.379,0
8/10/2019,0,0,0,90,5,8,3.3805,0
8/11/2019,0,0,0,102,6,8,3.3805,0
8/12/2019,0,0,0,99,0,8,3.3815,0
8/13/2019,0,0,0,97,1,8,3.3764,0
8/14/2019,0,0,0,98,2,8,3.3898,0
8/15/2019,0,0,0,83,3,8,3.391,0
8/16/2019,0,0,0,86,4,8,3.3799,0
8/17/2019,0,0,0,103,5,8,3.38755,0
8/18/2019,0,0,0,87,6,8,3.38755,0
8/19/2019,0,0,0,124,0,8,3.375,0
8/20/2019,0,0,0,155,1,8,3.3791,0
8/21/2019,0,0,0,137,2,8,3.3764,0
8/22/2019,0,0,0,105,3,8,3.3766,0
8/23/2019,0,0,0,114,4,8,3.3713,0
8/24/2019,0,0,0,88,5,8,3.2476,0
8/25/2019,0,0,0,99,6,8,3.3188,0
8/26/2019,0,0,0,122,0,8,3.3729,0
8/27/2019,0,0,0,114,1,8,3.3846,0
8/28/2019,0,0,0,98,2,8,3.4015,0
8/29/2019,0,0,0,81,3,8,3.393,0
8/30/2019,0,0,0,98,4,8,3.39,0
8/31/2019,0,0,0,97,5,8,3.3935,0
9/1/2019,0,0,0,97,6,9,3.3935,0
9/2/2019,0,0,0,108,0,9,3.3943,0
9/3/2019,0,0,0,128,1,9,3.4029,0
9/4/2019,0,0,0,94,2,9,3.378,0
9/5/2019,0,0,0,113,3,9,3.363,0
9/6/2019,0,0,0,79,4,9,3.3374,0
9/7/2019,0,0,0,83,5,9,3.2613,0
9/8/2019,0,0,0,72,6,9,3.33315,0
9/9/2019,0,0,0,91,0,9,3.2643,0
9/10/2019,0,0,0,94,1,9,3.3405,0
9/11/2019,0,0,0,101,2,9,3.338,0
9/12/2019,0,0,0,73,3,9,3.3325,0
9/13/2019,0,0,0,71,4,9,3.32,0
9/14/2019,0,0,0,72,5,9,3.321,0
9/15/2019,0,0,0,72,6,9,3.321,0
9/16/2019,0,0,0,92,0,9,3.332,0
9/17/2019,0,0,0,111,1,9,3.3433,0
9/18/2019,0,0,0,111,2,9,3.35,0
9/19/2019,1,0,0,86,3,9,3.353,0
9/20/2019,0,0,0,89,4,9,3.358,0
9/21/2019,0,0,0,78,5,9,3.3595,0
9/22/2019,0,0,0,99,6,9,3.3595,0
9/23/2019,0,0,0,110,0,9,3.3613,0
9/24/2019,0,0,0,96,1,9,3.3413,0
9/25/2019,0,0,0,89,2,9,3.349,0
9/26/2019,0,4.8,0,83,3,9,3.38,0
9/27/2019,0,14.05,0,87,4,9,3.38,0
9/28/2019,0,14.78,0,64,5,9,3.3087,0
9/29/2019,0,15.34,0,73,6,9,3.38185,0
9/30/2019,0,11.03,0,79,0,9,3.315,0
10/1/2019,0,0,0,91,1,10,3.2867,0
10/2/2019,0,0,0,110,2,10,3.3042,0
10/3/2019,0,0,0,89,3,10,3.368,0
10/4/2019,0,0,0,86,4,10,3.377,0
10/5/2019,0,0,0,98,5,10,3.3039,0
10/6/2019,0,0,0,82,6,10,3.37675,0
10/7/2019,0,0,0,87,0,10,3.383,0
10/8/2019,0,0,0,92,1,10,3.382,0
10/9/2019,0,0,0,82,2,10,3.365,0
10/10/2019,0,0,0,62,3,10,3.365,0
10/11/2019,0,0,0,59,4,10,3.356,0
10/12/2019,0,0,0,74,5,10,3.3575,0
10/13/2019,0,0,0,66,6,10,3.293068,0
10/14/2019,0,0,0,103,0,10,3.288433,0
10/15/2019,0,0,0,82,1,10,3.365,0
10/16/2019,0,0,0,63,2,10,3.361,0
10/17/2019,0,0,0,69,3,10,3.349,0
10/18/2019,0,0,0,77,4,10,3.336,0
10/19/2019,0,0,0,65,5,10,3.338,0
10/20/2019,0,0,0,82,6,10,3.338,0
10/21/2019,0,0,0,77,0,10,3.336,0
10/22/2019,0,0,0,83,1,10,3.336,0
10/23/2019,0,0,0,59,2,10,3.345,0
10/24/2019,0,1.97,0,81,3,10,3.3495,0
10/25/2019,0,5.94,0,65,4,10,3.338,0
10/26/2019,0,6.25,0,62,5,10,3.3385,0
10/27/2019,0,6.17,0,60,6,10,3.3385,0
10/28/2019,0,5.86,0,88,0,10,3.333,0
10/29/2019,0,6.06,0,74,1,10,3.337,0
10/30/2019,0,6.19,0,62,2,10,3.342,0
10/31/2019,0,7.14,0,68,3,10,3.342,0
11/1/2019,0,11.59,0,60,4,11,3.273244,0
11/2/2019,0,0,0,66,5,11,3.344957,0
11/3/2019,0,0,0,74,6,11,3.344957,0
11/4/2019,0,0,0,101,0,11,3.3335,0
11/5/2019,0,0,0,82,1,11,3.337,0
11/6/2019,0,0,0,69,2,11,3.338,0
11/7/2019,0,0,0,88,3,11,3.339,0
11/8/2019,0,0,0,91,4,11,3.3575,0
11/9/2019,0,0,0,71,5,11,3.36,0
11/10/2019,0,0,0,86,6,11,3.36,0
11/11/2019,0,0,0,100,0,11,3.361,0
11/12/2019,0,0,0,119,1,11,3.38,0
11/13/2019,0,0,0,100,2,11,3.38,0
11/14/2019,0,0,0,91,3,11,3.3865,0
11/15/2019,0,0,0,76,4,11,3.363,0
11/16/2019,0,0,0,65,5,11,3.309656,0
11/17/2019,0,0,0,84,6,11,3.382046,0
11/18/2019,0,0,0,105,0,11,3.372,0
11/19/2019,0,0,0,103,1,11,3.371,0
11/20/2019,0,0,0,83,2,11,3.375,0
11/21/2019,0,0,0,60,3,11,3.375,0
11/22/2019,0,0,0,71,4,11,3.377,0
11/23/2019,0,0,0,59,5,11,3.38,0
11/24/2019,0,0,0,99,6,11,3.38,0
11/25/2019,0,0,0,108,0,11,3.382,0
11/26/2019,0,0,0,89,1,11,3.383,0
11/27/2019,0,0,0,101,2,11,3.395,0
11/28/2019,1,0.79,0,104,3,11,3.311988,0
11/29/2019,2,9.93,0,87,4,11,3.4,0
11/30/2019,2,10.91,0,70,5,11,3.315711,0
12/1/2019,0,10.44,0,82,6,12,3.388318,0
12/2/2019,2,10.04,0,114,0,12,3.39,0
12/3/2019,2,5.57,0,103,1,12,3.388,0
12/4/2019,1,0,0,102,2,12,3.378,0
12/5/2019,0,1.37,0,119,3,12,3.378,0
12/6/2019,0,3.04,0,93,4,12,3.378,0
12/7/2019,0,3.26,0,58,5,12,3.3795,0
12/8/2019,0,3.23,0,77,6,12,3.3795,0
12/9/2019,2,3.06,0,100,0,12,3.373,0
12/10/2019,1,3.12,0,79,1,12,3.397,0
12/11/2019,3,3.09,0,86,2,12,3.391,0
12/12/2019,2,3.22,0,87,3,12,3.375,0
12/13/2019,1,3.04,0,85,4,12,3.3645,0
12/14/2019,3,3.29,0,81,5,12,3.367,0
12/15/2019,3,3.27,0,82,6,12,3.367,0
12/16/2019,5,2.99,0,114,0,12,3.35,0
12/17/2019,4,7.67,0,104,1,12,3.34,0
12/18/2019,7,10.55,0,116,2,12,3.339,0
12/19/2019,4,10.8,0,89,3,12,3.3325,0
12/20/2019,5,10.54,0,95,4,12,3.313,0
12/21/2019,5,9.41,0,109,5,12,3.315,0
12/22/2019,1,2.05,0,72,6,12,3.315,0
12/23/2019,3,0,0,102,0,12,3.3175,0
12/24/2019,3,0,0,71,1,12,3.313,0
12/25/2019,0,0,0,48,2,12,3.243933,0
12/26/2019,1,0,0,83,3,12,3.319,0
12/27/2019,4,0,0,70,4,12,3.314,0
12/28/2019,2,0,0,67,5,12,3.315,0
12/29/2019,0,0,0,73,6,12,3.315,0
12/30/2019,3,0,0,86,0,12,3.315,0
12/31/2019,1,0,0,45,1,12,3.311,0
1/1/2020,0,0,0,35,2,1,3.261895,0
1/2/2020,0,0,0,107,3,1,3.297,0
1/3/2020,0,0,0,77,4,1,3.314,0
1/4/2020,1,0,0,68,5,1,3.3165,0
1/5/2020,1,0,0,56,6,1,3.3165,0
1/6/2020,0,0,0,99,0,1,3.316,0
1/7/2020,2,0,0,85,1,1,3.32,0
1/8/2020,0,0,0,90,2,1,3.314,0
1/9/2020,2,0,0,83,3,1,3.318,0
1/10/2020,1,0,0,80,4,1,3.3275,0
1/11/2020,1,0,0,74,5,1,3.239568,0
1/12/2020,0,0,0,82,6,1,3.239568,0
1/13/2020,1,0,0,94,0,1,3.331,0
1/14/2020,1,0,0,91,1,1,3.3205,0
1/15/2020,0,3.61,0,82,2,1,3.321,0
1/16/2020,0,9.94,0,96,3,1,3.322,0
1/17/2020,2,9.48,0,75,4,1,3.250863,0
1/18/2020,2,10.18,0,77,5,1,3.32285,0
1/19/2020,2,9.79,0,84,6,1,3.32285,0
1/20/2020,1,10.19,0,123,0,1,3.3175,0
1/21/2020,1,9.81,0,81,1,1,3.315,0
1/22/2020,2,10.13,0,91,2,1,3.311,0
1/23/2020,1,10.06,0,111,3,1,3.317,0
1/24/2020,3,9.89,0,92,4,1,3.3215,0
1/25/2020,2,10.13,0,70,5,1,3.3235,0
1/26/2020,2,10.08,0,56,6,1,3.3235,0
1/27/2020,3,9.81,0,92,0,1,3.33,0
1/28/2020,1,10.07,0,93,1,1,3.336,0
1/29/2020,1,9.88,0,81,2,1,3.343,0
1/30/2020,8,9.88,0,103,3,1,3.366,0
1/31/2020,2,10.15,0,78,4,1,3.383,0
2/1/2020,0,10.13,0,63,5,2,3.385,0
2/2/2020,0,10.03,0,84,6,2,3.385,0
2/3/2020,2,9.87,0,90,0,2,3.312289,0
2/4/2020,2,10.11,0,84,1,2,3.362,0
2/5/2020,5,9.78,0,88,2,2,3.36,0
2/6/2020,1,9.81,0,92,3,2,3.372,0
2/7/2020,1,11.27,0,60,4,2,3.387,0
2/8/2020,1,14,0,87,5,2,3.3885,0
2/9/2020,3,14.71,0,77,6,2,3.3885,0
2/10/2020,2,15.16,0,105,0,2,3.392,0
2/11/2020,6,15.07,0,86,1,2,3.388,0
2/12/2020,3,14.85,0,76,2,2,3.379,0
2/13/2020,1,14.98,0,96,3,2,3.383,0
2/14/2020,1,14.55,0,94,4,2,3.378,0
2/15/2020,0,14.07,0,51,5,2,3.3795,0
2/16/2020,1,10.38,0,66,6,2,3.3795,0
2/17/2020,1,9.89,0,94,0,2,3.38,0
2/18/2020,3,9.9,0,86,1,2,3.382,0
2/19/2020,1,10.02,0,79,2,2,3.38,0
2/20/2020,0,10.04,0,94,3,2,3.389,0
2/21/2020,1,9.82,0,83,4,2,3.385,0
2/22/2020,0,5,0,60,5,2,3.386,0
2/23/2020,0,0,0,76,6,2,3.386,0
2/24/2020,3,0,0,93,0,2,3.404,0
2/25/2020,2,3.22,0,90,1,2,3.408,0
2/26/2020,0,4.73,0,95,2,2,3.41,0
2/27/2020,2,4.73,0,105,3,2,3.435,0
2/28/2020,1,4.95,0,74,4,2,3.452,0
2/29/2020,0,5.17,0,63,5,2,3.4545,0
3/1/2020,1,5.01,0,69,6,3,3.4545,0
3/2/2020,1,5,0,89,0,3,3.435,0
3/3/2020,2,5.02,0,87,1,3,3.421,0
3/4/2020,1,4.91,0,82,2,3,3.419,0
3/5/2020,6,5.03,0,81,3,3,3.46,0
3/6/2020,1,5.03,0,84,4,3,3.47,0
3/7/2020,1,5,0,68,5,3,3.472,0
3/8/2020,1,5.02,0,55,6,3,3.472,0
3/9/2020,3,4.99,0,62,0,3,3.507,0
3/10/2020,1,4.82,0,51,1,3,3.5,0
3/11/2020,1,0,0,76,2,3,3.452156,0
3/12/2020,1,0,0,57,3,3,3.526,0
3/13/2020,5,0,0,66,4,3,3.5325,0
3/14/2020,4,0,0,80,5,3,3.53375,0
3/15/2020,1,0,0,45,6,3,3.53375,0
3/16/2020,1,0,0,50,0,3,3.5205,0
3/17/2020,0,0,0,34,1,3,3.47931,0
3/18/2020,1,0,0,45,2,3,3.57,0
3/19/2020,1,0,0,56,3,3,3.553,0
3/20/2020,0,0,0,30,4,3,3.502,0
3/21/2020,0,0,0,40,5,3,3.5035,0
3/22/2020,0,0,0,55,6,3,3.5035,0
3/23/2020,0,0,0,57,0,3,3.531,0
3/24/2020,4,0,0,52,1,3,3.5305,0
3/25/2020,0,0,0,67,2,3,3.5325,0
3/26/2020,0,0,0,53,3,3,3.395,0
3/27/2020,1,1.7,0,56,4,3,3.4135,0
3/28/2020,1,9.79,0,55,5,3,3.416,0
3/29/2020,0,9.75,0,66,6,3,3.299685,0
3/30/2020,6,9.72,0,63,0,3,3.4345,0
3/31/2020,2,10.15,0,72,1,3,3.4375,0
4/1/2020,1,10.03,0,74,2,4,3.464,0
4/2/2020,1,9.87,0,75,3,4,3.44,0
4/3/2020,1,10.28,0,65,4,4,3.456,0
4/4/2020,0,5.66,0,69,5,4,3.458,0
4/5/2020,0,0,0,74,6,4,3.458,0
4/6/2020,7,0,0,105,0,4,3.458,0
4/7/2020,7,0,0,98,1,4,3.361,0
4/8/2020,3,0,0,78,2,4,3.369,0
4/9/2020,4,0,0,74,3,4,3.369,0
4/10/2020,4,0,0,109,4,4,3.369,0
4/11/2020,0,0,0,86,5,4,3.371,0
4/12/2020,4,0,0,98,6,4,3.371,0
4/13/2020,1,0,0,94,0,4,3.385,0
4/14/2020,2,0,0,89,1,4,3.393,0
4/15/2020,2,0,0,83,2,4,3.407,0
4/16/2020,3,0,0,90,3,4,3.409,0
4/17/2020,2,0,0,84,4,4,3.405,0
4/18/2020,5,0,0,96,5,4,3.328276,0
4/19/2020,2,0,0,97,6,4,3.401839,0
4/20/2020,3,0,0,110,0,4,3.401,0
4/21/2020,5,8.98,0,107,1,4,3.3858,0
4/22/2020,2,9.54,0,118,2,4,3.37,0
4/23/2020,6,10.07,0,125,3,4,3.37,0
4/24/2020,4,1.15,0,93,4,4,3.395,0
4/25/2020,2,0,0,97,5,4,3.3975,0
4/26/2020,6,0,0,104,6,4,3.3975,0
4/27/2020,3,4.71,0,109,0,4,3.394,0
4/28/2020,13,21.05,0,149,1,4,3.3865,0
4/29/2020,9,20.99,0,137,2,4,3.365,0
4/30/2020,4,21.31,0,107,3,4,3.371,0
5/1/2020,13,16.72,0,152,4,5,3.371,0
5/2/2020,6,16.77,0,127,5,5,3.3745,0
5/3/2020,12,29.93,0,180,6,5,3.3745,0
5/4/2020,8,29.53,0,177,0,5,3.3825,0
5/5/2020,14,20.3,0,171,1,5,3.385,0
5/6/2020,10,19.85,0,173,2,5,3.412,0
5/7/2020,17,20.24,0,195,3,5,3.402,0
5/8/2020,14,20.66,0,172,4,5,3.398,0
5/9/2020,9,24.19,0,181,5,5,3.399,0
5/10/2020,6,39.37,0,158,6,5,3.399,0
5/11/2020,11,39.68,0,193,0,5,3.42,0
5/12/2020,16,39.55,0,218,1,5,3.437,0
5/13/2020,10,39.44,0,189,2,5,3.437,0
5/14/2020,14,40.64,0,210,3,5,3.4556,0
5/15/2020,12,40.29,0,198,4,5,3.4385,0
5/16/2020,8,41.03,0,185,5,5,3.44,0
5/17/2020,9,40.36,0,240,6,5,3.44,0
5/18/2020,14,38.13,0,243,0,5,3.425,0
5/19/2020,11,32.29,0,257,1,5,3.424,0
5/20/2020,15,32.13,0,246,2,5,3.401,0
5/21/2020,6,32.33,0,232,3,5,3.408,0
5/22/2020,13,32.46,0,276,4,5,3.428,0
5/23/2020,10,31.96,0,227,5,5,3.4295,0
5/24/2020,17,32.28,0,272,6,5,3.4295,0
5/25/2020,12,31.59,0,296,0,5,3.351257,0
5/26/2020,13,32.41,0,234,1,5,3.4325,0
5/27/2020,9,32.23,0,253,2,5,3.447,0
5/28/2020,13,31,0,253,3,5,3.436,0
5/29/2020,11,30.04,0,207,4,5,3.429,0
5/30/2020,7,29.96,0,242,5,5,3.431,0
5/31/2020,11,30.29,0,268,6,5,3.431,0
6/1/2020,14,29.77,0,305,0,6,3.417,0
6/2/2020,20,30.03,0,286,1,6,3.3955,0
6/3/2020,17,29.73,0,286,2,6,3.399,0
6/4/2020,16,29.9,0,263,3,6,3.43,0
6/5/2020,9,29.95,0,280,4,6,3.43,0
6/6/2020,10,30.33,0,254,5,6,3.43225,0
6/7/2020,15,30.07,0,340,6,6,3.43225,0
6/8/2020,20,29.69,0,298,0,6,3.434,0
6/9/2020,11,30.04,0,305,1,6,3.4435,0
6/10/2020,8,29.88,0,291,2,6,3.425,0
6/11/2020,13,29.87,0,293,3,6,3.458,0
6/12/2020,18,26.41,0,299,4,6,3.463,0
6/13/2020,15,21.15,0,300,5,6,3.465,0
6/14/2020,19,21.32,0,327,6,6,3.465,0
6/15/2020,23,21.01,0,359,0,6,3.4795,0
6/16/2020,16,13.54,0,337,1,6,3.4755,0
6/17/2020,18,1.17,0,311,2,6,3.4945,0
6/18/2020,22,1.17,0,326,3,6,3.519,0
6/19/2020,15,1.16,0,310,4,6,3.5,0
6/20/2020,14,1.21,0,297,5,6,3.5025,0
6/21/2020,3,1.21,0,285,6,6,3.5025,0
6/22/2020,10,1.66,0,291,0,6,3.501,0
6/23/2020,7,2.18,0,273,1,6,3.501,0
6/24/2020,10,1.19,0,236,2,6,3.528,0
6/25/2020,15,1.16,0,275,3,6,3.5025,0
6/26/2020,6,1.2,0,233,4,6,3.5275,0
6/27/2020,14,1.19,0,253,5,6,3.5295,0
6/28/2020,5,1.18,0,287,6,6,3.5295,0
6/29/2020,12,1.15,0,275,0,6,3.5265,0
6/30/2020,7,1.21,0,254,1,6,3.5465,0
7/1/2020,5,1.19,0,258,2,7,3.527,0
7/2/2020,8,1.17,0,263,3,7,3.521,0
7/3/2020,5,0.68,0,210,4,7,3.52,0
7/4/2020,25,0,0,258,5,7,3.522,0
7/5/2020,41,0,0,351,6,7,3.522,0
7/6/2020,37,0,0,375,0,7,3.5425,0
7/7/2020,19,0,0,335,1,7,3.5424,0
7/8/2020,21,0,0,347,2,7,3.52,0
7/9/2020,14,0,0,293,3,7,3.5,0
7/10/2020,9,0,0,306,4,7,3.504,0
7/11/2020,13,0,0,237,5,7,3.431341,0
7/12/2020,14,0,0,267,6,7,3.431341,0
7/13/2020,18,0,0,280,0,7,3.4975,0
7/14/2020,15,0,0,253,1,7,3.501,0
7/15/2020,21,0,0,275,2,7,3.494,0
7/16/2020,14,0,0,318,3,7,3.497,0
7/17/2020,23,0,0,346,4,7,3.516,0
7/18/2020,14,0,0,297,5,7,#N/A,0
7/19/2020,10,0,0,276,6,7,3.51625,0
7/20/2020,16,0,0,318,0,7,3.5025,0
7/21/2020,11,0,0,263,1,7,3.4925,0
7/22/2020,13,0,0,257,2,7,3.506,0
7/23/2020,17,0,0,252,3,7,3.523,0
7/24/2020,7,0,0,249,4,7,3.5325,0
7/25/2020,11,0,0,227,5,7,3.5345,0
7/26/2020,19,0,0,294,6,7,3.5345,0
7/27/2020,16,0,0,244,0,7,3.515,0
7/28/2020,3,0.39,0,221,1,7,3.514,0
7/29/2020,19,2.02,0,250,2,7,3.502,0
7/30/2020,12,1.95,0,239,3,7,3.513,0
7/31/2020,12,2.03,0,245,4,7,3.53,0
8/1/2020,8,2,0,255,5,8,3.532,0
8/2/2020,9,1.61,0,271,6,8,3.532,0
8/3/2020,19,0,0,269,0,8,3.54,0
8/4/2020,10,0,0,258,1,8,3.54,0
8/5/2020,10,0,0,286,2,8,3.484715,0
8/6/2020,19,0,0,266,3,8,3.539,0
8/7/2020,7,0,0,218,4,8,3.549,0
8/8/2020,6,0,0,234,5,8,3.484903,0
8/9/2020,8,0,0,250,6,8,3.552764,0
8/10/2020,15,0,0,275,0,8,3.56,0
8/11/2020,11,0,0,263,1,8,3.5605,0
8/12/2020,8,3.7,0,238,2,8,3.57,0
8/13/2020,12,22,0,179,3,8,3.568,0
8/14/2020,13,23.16,0,219,4,8,3.502466,0
8/15/2020,10,23.76,0,226,5,8,3.570192,0
8/16/2020,12,22.13,0,255,6,8,3.570192,0
8/17/2020,22,21.53,0,292,0,8,3.576,0
8/18/2020,14,21.7,0,267,1,8,3.502682,0
8/19/2020,14,21.61,0,257,2,8,3.49888,0
8/20/2020,9,21.94,0,251,3,8,3.497847,0
8/21/2020,19,22.68,0,222,4,8,3.511501,0
8/22/2020,12,22.59,0,225,5,8,3.579315,0
8/23/2020,16,21.13,0,267,6,8,3.579315,0
8/24/2020,21,19.58,0,292,0,8,3.517268,0
8/25/2020,13,19.89,0,239,1,8,3.517606,0
8/26/2020,21,19.84,0,244,2,8,3.518107,0
8/27/2020,13,19.99,0,270,3,8,3.503876,0
8/28/2020,17,20.48,0,277,4,8,3.497104,0
8/29/2020,6,20.22,0,281,5,8,3.564309,0
8/30/2020,10,20,0,302,6,8,3.564309,0
8/31/2020,15,20.1,0,252,0,8,3.463529,0
9/1/2020,20,19.77,0,299,1,9,3.474838,0
9/2/2020,23,14.67,0,272,2,9,3.460214,0
9/3/2020,10,0,0,238,3,9,3.535,0
9/4/2020,15,0,0,250,4,9,3.545,0
9/5/2020,18,0,0,240,5,9,3.5465,0
9/6/2020,7,0,0,268,6,9,3.5465,0
9/7/2020,19,0,0,271,0,9,3.461924,0
9/8/2020,8,0,0,262,1,9,3.5405,0
9/9/2020,17,0,0,239,2,9,3.535,0
9/10/2020,13,0,0,268,3,9,3.544,0
9/11/2020,14,0,0,268,4,9,3.5705,0
9/12/2020,24,0,0,241,5,9,3.5735,0
9/13/2020,13,0,0,261,6,9,3.5735,0
9/14/2020,28,0,0,276,0,9,3.559,0
9/15/2020,18,0,0,240,1,9,3.547,0
9/16/2020,12,0,0,234,2,9,3.5265,0
9/17/2020,21,0,0,282,3,9,3.533,0
9/18/2020,18,1.67,0,258,4,9,3.524,0
9/19/2020,13,2.79,0,223,5,9,3.5265,0
9/20/2020,15,2.71,0,256,6,9,3.5265,0
9/21/2020,17,2.81,0,219,0,9,3.548,0
9/22/2020,20,2.82,0,269,1,9,3.5485,0
9/23/2020,13,2.81,0,250,2,9,3.569,0
9/24/2020,24,3.1,0,261,3,9,3.579,0
9/25/2020,32,5.45,0,264,4,9,3.586,0
9/26/2020,12,5.67,0,191,5,9,3.5875,0
9/27/2020,13,5.58,0,231,6,9,3.5875,0
9/28/2020,18,5.79,0,223,0,9,3.59,0
9/29/2020,13,6.14,0,230,1,9,3.59,0
9/30/2020,14,2.66,0,221,2,9,3.6,0
10/1/2020,7,0,0,216,3,10,3.607,0
10/2/2020,17,0,0,214,4,10,3.621,0
10/3/2020,6,0,0,161,5,10,3.625,0
10/4/2020,10,0,0,204,6,10,3.625,0
10/5/2020,18,0,0,204,0,10,3.588,0
10/6/2020,11,0,0,221,1,10,3.588,0
10/7/2020,11,0,0,185,2,10,3.513107,0
10/8/2020,11,6.3,0,199,3,10,3.5775,0
10/9/2020,20,11.74,0,219,4,10,3.5755,0
10/10/2020,9,11.53,0,188,5,10,3.5775,0
10/11/2020,6,10.01,0,226,6,10,3.5775,0
10/12/2020,14,9.66,0,238,0,10,3.512779,0
10/13/2020,12,10.15,0,195,1,10,3.5925,0
10/14/2020,9,9.75,0,183,2,10,3.588,0
10/15/2020,13,9.75,0,195,3,10,3.5765,0
10/16/2020,7,9.87,0,176,4,10,3.5825,0
10/17/2020,9,25.85,0,175,5,10,3.585,0
10/18/2020,11,39.33,0,223,6,10,3.585,0
10/19/2020,22,39.64,0,263,0,10,3.5885,0
10/20/2020,27,39.87,0,244,1,10,3.59,0
10/21/2020,17,39.78,0,229,2,10,3.596,0
10/22/2020,14,39.99,0,225,3,10,3.6035,0
10/23/2020,11,40.26,0,207,4,10,3.596,0
10/24/2020,7,40.81,0,175,5,10,3.598,0
10/25/2020,9,39.6,0,193,6,10,3.598,0
10/26/2020,16,39.12,0,219,0,10,3.604,0
10/27/2020,14,35.07,0,217,1,10,3.606,0
10/28/2020,20,31.12,0,211,2,10,3.61,0
10/29/2020,14,31.48,0,182,3,10,3.551818,0
10/30/2020,13,31.43,0,156,4,10,3.6135,0
10/31/2020,4,35.02,0,150,5,10,3.6155,0
11/1/2020,10,29.71,0,217,6,11,3.6155,0
11/2/2020,17,28.68,0,228,0,11,3.6135,0
11/3/2020,20,10.13,0,222,1,11,3.59,0
11/4/2020,16,9.58,0,209,2,11,3.589,0
11/5/2020,18,10.06,0,197,3,11,3.593,0
11/6/2020,10,12.12,0,187,4,11,3.59,0
11/7/2020,4,16.89,0,147,5,11,3.592,0
11/8/2020,7,11.85,0,200,6,11,3.592,0
11/9/2020,13,6.25,0,173,0,11,3.582,0
11/10/2020,18,5.95,0,166,1,11,3.624,0
11/11/2020,11,3.62,0,156,2,11,3.559072,0
11/12/2020,5,0,0,141,3,11,3.641,0
11/13/2020,3,0,0,125,4,11,3.642,0
11/14/2020,2,0,0,114,5,11,3.6435,0
11/15/2020,1,0,0,102,6,11,3.6435,0
11/16/2020,9,0,0,131,0,11,3.661,0
11/17/2020,5,0,0,164,1,11,3.6,0
11/18/2020,5,0,0,113,2,11,3.57,0
11/19/2020,8,0,0,160,3,11,3.575,0
11/20/2020,2,0,0,122,4,11,3.59,0
11/21/2020,2,0,0,164,5,11,3.59225,0
11/22/2020,7,0,0,168,6,11,3.59225,0
11/23/2020,7,11.61,0,196,0,11,3.603,0
11/24/2020,15,11.32,0,205,1,11,3.608,0
11/25/2020,7,11.44,0,176,2,11,3.603,0
11/26/2020,11,11.25,0,187,3,11,3.537231,0
11/27/2020,30,16.04,0,364,4,11,3.602,0
11/28/2020,23,29,0,202,5,11,3.601,0
11/29/2020,18,27.62,0,203,6,11,3.603,0
11/30/2020,13,15.89,0,228,0,11,3.607,0
12/1/2020,12,9.8,0,201,1,12,3.6065,0
12/2/2020,14,9.79,0,208,2,12,3.605,0
12/3/2020,11,9.92,0,175,3,12,3.59,0
12/4/2020,13,6.86,0,176,4,12,3.583,0
12/5/2020,6,0,0,160,5,12,3.5845,0
12/6/2020,6,0,0,174,6,12,3.5845,0
12/7/2020,13,0,0,216,0,12,3.6,0
12/8/2020,14,0,0,184,1,12,3.594,0
12/9/2020,20,0,0,223,2,12,3.599,0
12/10/2020,13,0,0,237,3,12,3.5925,0
12/11/2020,13,0,0,202,4,12,3.59,0
12/12/2020,13,29.09,0,211,5,12,3.5925,0
12/13/2020,18,36.45,0,206,6,12,3.5925,0
12/14/2020,24,47.46,0,259,0,12,3.587,0
12/15/2020,38,68.31,0,283,1,12,3.584,0
12/16/2020,35,89.56,0,257,2,12,3.5845,0
12/17/2020,64,146.46,0,314,3,12,3.5865,0
12/18/2020,46,158.79,0,265,4,12,3.5945,0
12/19/2020,45,124.76,0,294,5,12,3.5965,0
12/20/2020,52,131.49,0,249,6,12,3.5965,0
12/21/2020,55,142,0,309,0,12,3.604,0
12/22/2020,59,142.72,0,293,1,12,3.6135,0
12/23/2020,45,106.54,0,210,2,12,3.607,0
12/24/2020,30,111.34,0,139,3,12,3.612,0
12/25/2020,27,103.11,0,211,4,12,3.544516,0
12/26/2020,17,102.98,0,212,5,12,3.610143,0
12/27/2020,23,87.18,0,234,6,12,3.610143,0
12/28/2020,33,107.01,0,248,0,12,3.6165,0
12/29/2020,33,126.43,0,213,1,12,3.607,0
12/30/2020,18,129.55,0,197,2,12,3.619,0
12/31/2020,25,119.4,0,124,3,12,3.619,0
1/1/2021,24,92.14,0,128,4,1,3.572393,0
1/2/2021,17,81.23,0,226,5,1,3.637889,0
1/3/2021,19,84.51,0,207,6,1,3.637889,0
1/4/2021,31,88.19,0,245,0,1,3.627,0
1/5/2021,33,91.69,0,296,1,1,3.627,0
1/6/2021,26,93.86,0,255,2,1,3.626,0
1/7/2021,34,94.55,0,219,3,1,3.623,0
1/8/2021,15,88.83,0,197,4,1,3.62,0
1/9/2021,27,95.46,0,204,5,1,3.564172,0
1/10/2021,16,141.2,0,220,6,1,3.629611,0
1/11/2021,31,144.29,0,233,0,1,3.61,0
1/12/2021,34,131.51,0,270,1,1,3.603,0
1/13/2021,28,129.82,0,237,2,1,3.613,0
1/14/2021,46,107.19,0,282,3,1,3.6085,0
1/15/2021,59,96.07,0,279,4,1,3.608,0
1/16/2021,29,135.6,0,232,5,1,3.557018,0
1/17/2021,34,165.29,0,287,6,1,3.623246,0
1/18/2021,41,174.71,0,261,0,1,3.548293,0
1/19/2021,46,192.42,0,323,1,1,3.613,0
1/20/2021,36,196.09,0,256,2,1,3.614,0
1/21/2021,25,156.39,0,265,3,1,3.622,0
1/22/2021,28,153.45,0,231,4,1,3.633,0
1/23/2021,25,199.31,0,245,5,1,3.6345,0
1/24/2021,22,144.47,0,251,6,1,3.6345,0
1/25/2021,43,211.41,0,314,0,1,3.644,0
1/26/2021,31,180.84,0,259,1,1,3.6425,0
1/27/2021,40,188.27,0,259,2,1,3.651,0
1/28/2021,30,220.57,0,241,3,1,3.642,0
1/29/2021,35,237.61,0,256,4,1,3.636,0
1/30/2021,38,214.91,0,259,5,1,3.6375,0
1/31/2021,40,182.58,0,274,6,1,3.6375,0
2/1/2021,56,186.03,0,350,0,2,3.639,0
2/2/2021,33,179.07,0,291,1,2,3.634,0
2/3/2021,43,179.86,0,322,2,2,3.64,0
2/4/2021,50,182.08,0,294,3,2,3.6425,0
2/5/2021,32,154.82,0,283,4,2,3.6375,0
2/6/2021,21,137.82,0,240,5,2,3.639,0
2/7/2021,28,107.73,0,253,6,2,3.639,0
2/8/2021,38,107.54,0,278,0,2,3.6405,0
2/9/2021,41,109.31,0,296,1,2,3.637,0
2/10/2021,28,107.45,0,259,2,2,3.638,0
2/11/2021,43,129.56,0,270,3,2,3.639,0
2/12/2021,34,226.66,0,241,4,2,3.643,0
2/13/2021,31,224.26,0,240,5,2,3.6445,0
2/14/2021,16,199.92,0,205,6,2,3.6445,0
2/15/2021,39,136.4,0,270,0,2,3.580423,0
2/16/2021,44,277.21,0,271,1,2,3.652,0
2/17/2021,24,185.75,0,245,2,2,3.6525,0
2/18/2021,35,133.74,0,249,3,2,3.65,0
2/19/2021,23,270.56,0,225,4,2,3.6505,0
2/20/2021,22,181.65,0,247,5,2,3.59202,0
2/21/2021,20,130.99,0,245,6,2,3.658036,0
2/22/2021,29,135.47,0,290,0,2,3.65,0
2/23/2021,45,372.99,0,283,1,2,3.6505,0
2/24/2021,46,339.11,0,280,2,2,3.643,0
2/25/2021,34,261.27,0,304,3,2,3.578931,0
2/26/2021,26,260.61,0,241,4,2,3.581385,0
2/27/2021,31,241.3,0,226,5,2,3.647444,0
2/28/2021,21,216.52,0,242,6,2,3.647444,0
3/1/2021,35,212.17,0,242,0,3,3.6555,0
3/2/2021,26,225.01,0,264,1,3,3.66,0
3/3/2021,31,220.73,0,245,2,3,3.672,0
3/4/2021,20,214.12,83.13,216,3,3,3.681,0
3/5/2021,23,289.04,79.1,154,4,3,3.6895,0
3/6/2021,24,224.78,56.63,128,5,3,3.691,0
3/7/2021,30,119.05,88.68,151,6,3,3.691,0
3/8/2021,32,271.72,75.43,169,0,3,3.701,0
3/9/2021,24,124.33,14.18,173,1,3,3.697,0
3/10/2021,25,111.81,21.85,154,2,3,3.691,0
3/11/2021,25,118.8,23.47,131,3,3,3.691,0
3/12/2021,22,114.38,38.79,130,4,3,3.708,0
3/13/2021,12,124.08,63.66,108,5,3,3.71,0
3/14/2021,25,118.33,85.17,161,6,3,3.615418,0
3/15/2021,16,117.8,41.92,155,0,3,3.702,0
3/16/2021,21,144.27,41.6,121,1,3,3.698,0
3/17/2021,13,146.65,40.84,128,2,3,3.701,0
3/18/2021,19,123.38,37.66,164,3,3,3.707,0
3/19/2021,16,238.31,36.59,162,4,3,3.714,0
3/20/2021,26,214.71,32.7,114,5,3,3.715,0
3/21/2021,16,176.86,33.21,144,6,3,3.642413,0
3/22/2021,22,136.99,29.04,168,0,3,3.723,0
3/23/2021,28,139.17,32.26,136,1,3,3.719,0
3/24/2021,16,131.38,35.66,165,2,3,3.724,0
3/25/2021,29,113.88,28.34,158,3,3,3.735,0
3/26/2021,12,115.36,20.89,138,4,3,3.731,0
3/27/2021,18,106.46,44,126,5,3,3.7315,0
3/28/2021,27,113.92,64.12,128,6,3,3.7315,0
3/29/2021,30,97.03,32.69,164,0,3,3.749,0
3/30/2021,23,116.86,29.65,168,1,3,3.7638,0
3/31/2021,22,115.45,29.02,138,2,3,3.742,0
4/1/2021,25,131.4,36.6,168,3,4,3.735,0
4/2/2021,20,155.57,34.94,161,4,4,3.741,0
4/3/2021,28,113.92,36.22,159,5,4,3.743,0
4/4/2021,29,111.78,33.9,158,6,4,3.743,0
4/5/2021,34,89.78,29.85,160,0,4,3.67139,0
4/6/2021,23,78.04,31.48,183,1,4,3.624053,0
4/7/2021,39,128.61,12,169,2,4,3.567862,0
4/8/2021,36,116.22,7.51,177,3,4,3.540906,0
4/9/2021,24,115.98,9.59,160,4,4,3.525173,0
4/10/2021,21,112.32,13.14,142,5,4,3.625,0
4/11/2021,17,92.72,13.83,138,6,4,3.6265,0
4/12/2021,21,91.57,9.73,125,0,4,3.618,0
4/13/2021,22,82.23,6.81,157,1,4,3.612,0
4/14/2021,32,84.88,7.83,162,2,4,3.6275,0
4/15/2021,21,100.53,7.5,191,3,4,3.624,0
4/16/2021,17,165.7,11.04,134,4,4,3.632,0
4/17/2021,23,121.16,17.76,146,5,4,3.561858,0
4/18/2021,18,101.31,13.45,185,6,4,3.5633,0
4/19/2021,19,119.28,11.66,176,0,4,3.671,0
4/20/2021,27,86.32,9.02,162,1,4,3.689,0
4/21/2021,29,111.74,8.31,177,2,4,3.702,0
4/22/2021,19,123.66,10.1,160,3,4,3.754,0
4/23/2021,23,139.9,10.17,157,4,4,3.778,0
4/24/2021,20,144.91,7.59,160,5,4,3.67847,0
4/25/2021,38,138.66,8.38,216,6,4,3.744601,0
4/26/2021,34,184.18,10.74,213,0,4,3.837,0
4/27/2021,32,187.75,10,170,1,4,3.835,1
4/28/2021,34,180.91,10.16,162,2,4,3.77,1
4/29/2021,29,211.24,10.98,165,3,4,3.79,1
4/30/2021,41,203.98,9.02,180,4,4,3.785,1
5/1/2021,24,195.7,10.1,152,5,5,3.738368,1
5/2/2021,32,216.92,9.35,195,6,5,3.804924,1
5/3/2021,38,215.13,10.67,183,0,5,3.815,1
5/4/2021,33,207.58,8.12,186,1,5,3.832,1
5/5/2021,41,245.78,10.28,201,2,5,3.824,1
5/6/2021,62,229.32,10.7,242,3,5,3.816,1
5/7/2021,41,216.86,7.37,201,4,5,3.799,1
5/8/2021,25,255.55,6.06,164,5,5,3.723922,1
5/9/2021,24,278.84,9.39,162,6,5,3.789694,1
5/10/2021,49,266.62,14.74,158,0,5,3.72,1
5/11/2021,32,233.03,11.54,176,1,5,3.7,1
5/12/2021,27,157.7,15.11,168,2,5,3.674,1
5/13/2021,15,138.21,14.25,172,3,5,3.657,1
5/14/2021,30,176.67,8.21,156,4,5,3.677,1
5/15/2021,18,199.29,7.65,166,5,5,3.6785,1
5/16/2021,23,204.33,8.22,153,6,5,3.6785,1
5/17/2021,25,218.85,10.45,190,0,5,3.713,1
5/18/2021,43,241.37,10.32,199,1,5,3.73,1
5/19/2021,26,216.84,9.85,173,2,5,3.743,1
5/20/2021,31,245.35,8.85,189,3,5,3.743,1
5/21/2021,26,190.69,4.18,161,4,5,3.738,1
5/22/2021,17,165.35,7.41,168,5,5,3.7395,1
5/23/2021,21,226.47,5.99,163,6,5,3.7395,1
5/24/2021,38,240.48,9.26,207,0,5,3.8095,1
5/25/2021,33,248.61,9.29,207,1,5,3.82,1
5/26/2021,31,178.39,11.17,198,2,5,3.852,1
5/27/2021,33,187.39,10.98,178,3,5,3.845,1
5/28/2021,37,221.92,15.61,179,4,5,3.809,1
5/29/2021,24,206.55,21.91,179,5,5,3.813,1
5/30/2021,33,187.4,21.01,171,6,5,3.813,1
5/31/2021,28,217.49,26.82,171,0,5,3.748744,1
6/1/2021,31,219.62,25.23,186,1,6,3.861,1
6/2/2021,35,218.79,22.37,221,2,6,3.822,1
6/3/2021,26,126.47,24.39,162,3,6,3.869,1
6/4/2021,28,117.38,23.66,189,4,6,3.828,1
6/5/2021,20,147.01,20.87,170,5,6,3.8505,1
6/6/2021,19,168.86,22.27,177,6,6,3.8505,1
6/7/2021,12,142.52,18.97,175,0,6,3.841,1
6/8/2021,27,84,19.17,160,1,6,3.9115,1
6/9/2021,39,159.82,17.41,169,2,6,3.847,1
6/10/2021,31,172.8,20.01,194,3,6,3.8925,1
6/11/2021,27,169.29,17.63,161,4,6,3.847,1
6/12/2021,25,178.6,15.07,169,5,6,3.89,1
6/13/2021,23,174.05,16.32,204,6,6,3.894,1
6/14/2021,44,163.97,19.01,211,0,6,3.909,1
6/15/2021,41,177.46,13.67,212,1,6,3.894,1
6/16/2021,61,125.82,20.58,257,2,6,3.895,1
6/17/2021,37,239.02,25.36,226,3,6,3.918,1
6/18/2021,39,215.28,18.67,193,4,6,3.918,1
6/19/2021,28,193.52,0.16,253,5,6,3.92,1
6/20/2021,16,189.49,4.18,205,6,6,3.92,1
6/21/2021,19,190.37,13.19,197,0,6,3.95,1
6/22/2021,34,188.51,27.04,206,1,6,3.978,1
6/23/2021,24,192.04,39.96,169,2,6,3.975,1
6/24/2021,21,147.33,40.2,176,3,6,3.984,1
6/25/2021,25,131.36,24.99,156,4,6,3.977,1
6/26/2021,19,118.7,16.86,178,5,6,3.9795,1
6/27/2021,16,131.19,15.59,168,6,6,3.919853,1
6/28/2021,27,135.3,16.39,182,0,6,3.883,1
6/29/2021,20,141.57,26.02,172,1,6,3.885,1
6/30/2021,37,137.33,22.96,194,2,6,3.8395,1
7/1/2021,28,141.3,25.26,192,3,7,3.867,1
7/2/2021,39,135.44,16.54,198,4,7,3.901,1
7/3/2021,26,145.08,21.89,149,5,7,3.790813,1
7/4/2021,30,141.55,23.14,152,6,7,3.858239,1
7/5/2021,41,136,22.72,202,0,7,3.835566,1
7/6/2021,51,142.68,21.97,198,1,7,3.95,1
7/7/2021,29,136.06,20.64,194,2,7,3.96,1
7/8/2021,32,138.55,19.91,179,3,7,3.954,1
7/9/2021,22,142.63,19.27,146,4,7,3.96,1
7/10/2021,17,142.53,13.5,165,5,7,3.885577,1
7/11/2021,21,133.94,15.27,173,6,7,3.952934,1
7/12/2021,35,135.69,18.87,210,0,7,3.939,1
7/13/2021,33,136.67,18.51,207,1,7,3.975,1
7/14/2021,25,138.48,16.23,194,2,7,3.959,1
7/15/2021,27,137.04,14.8,180,3,7,3.959,1
7/16/2021,25,139.44,17.65,170,4,7,3.880778,1
7/17/2021,16,146.84,24.58,148,5,7,3.879496,1
7/18/2021,19,140.15,22.19,158,6,7,3.947261,1
7/19/2021,31,140.26,25.15,184,0,7,3.822566,1
7/20/2021,25,138.43,16.92,199,1,7,3.949,1
7/21/2021,32,136.09,23.97,184,2,7,3.944,1
7/22/2021,34,152.63,22.65,193,3,7,3.944,1
7/23/2021,24,167.74,22.15,180,4,7,3.924,1
7/24/2021,22,179.44,18.88,135,5,7,3.86287,1
7/25/2021,24,173.56,14.74,167,6,7,3.930832,1
7/26/2021,22,171.19,14.83,144,0,7,3.907,1
7/27/2021,26,175.59,21,165,1,7,3.924,1
7/28/2021,19,152.55,15.35,119,2,7,3.925,1
7/29/2021,41,157.72,35.93,148,3,7,3.859753,1
7/30/2021,39,153.64,50.31,155,4,7,3.857134,1
7/31/2021,25,159.42,63.64,156,5,7,3.924349,1
8/1/2021,28,155.88,59.86,192,6,8,3.924349,1
8/2/2021,49,151.44,0,240,0,8,3.997444,1
8/3/2021,37,157.02,50.31,191,1,8,4.069,1
8/4/2021,32,153.5,88.42,161,2,8,4.0535,1
8/5/2021,27,149.64,99.26,185,3,8,4.065,1
8/6/2021,22,151.84,78.69,140,4,8,4.006489,1
8/7/2021,19,165.58,69.82,160,5,8,4.020896,1
8/8/2021,26,217.64,74.28,177,6,8,4.020896,1
8/9/2021,48,262.33,71.54,189,0,8,4.025094,1
8/10/2021,41,273.96,56.42,182,1,8,4.044406,1
8/11/2021,42,269.07,52.81,210,2,8,4.012892,1
8/12/2021,42,274.8,52.35,223,3,8,4.026716,1
8/13/2021,28,270.59,68.36,170,4,8,4.015641,1
8/14/2021,24,292.82,58.01,143,5,8,4.083722,1
8/15/2021,16,267.43,69.16,158,6,8,4.083722,1
8/16/2021,35,267.4,71.4,196,0,8,4.010101,1
8/17/2021,26,271.35,66.91,217,1,8,4.015604,1
8/18/2021,34,278.85,67.5,194,2,8,4.021191,1
8/19/2021,32,270.87,59.03,214,3,8,4.027768,1
8/20/2021,38,305.3,51.65,161,4,8,4.113,1
8/21/2021,25,314.3,59.88,175,5,8,4.033,1
8/22/2021,28,269.76,67.62,172,6,8,4.033,1
8/23/2021,46,142.59,63.68,220,0,8,4.108,1
8/24/2021,41,138.69,64.04,206,1,8,4.091,1
8/25/2021,38,142,57.76,198,2,8,4.08,1
8/26/2021,38,122.63,73.91,180,3,8,4.068,1
8/27/2021,45,211.85,63.09,196,4,8,4.003776,1
8/28/2021,31,220.42,74.4,177,5,8,4.071805,1
8/29/2021,35,200.17,74.24,206,6,8,4.071805,1
8/30/2021,24,173.36,63.88,225,0,8,4.011529,1
8/31/2021,42,173.66,59.14,245,1,8,4.0127,1
9/1/2021,27,169.47,54.06,243,2,9,4.022759,1
9/2/2021,27,169.59,56.58,213,3,9,4.020755,1
9/3/2021,24,163.13,56.83,197,4,9,4.035341,1
9/4/2021,15,164.07,36.92,175,5,9,4.102722,1
9/5/2021,24,156.16,52.32,192,6,9,4.102722,1
9/6/2021,39,153.74,56.78,221,0,9,4.0282,1
9/7/2021,46,157.39,51.55,197,1,9,4.038253,1
9/8/2021,30,152.72,49.43,181,2,9,4.026262,1
9/9/2021,23,156.23,49.13,162,3,9,4.030417,1
9/10/2021,23,124.42,37.72,154,4,9,4.036445,1
9/11/2021,13,113.8,58.16,124,5,9,4.104062,1
9/12/2021,18,135.82,57.33,167,6,9,4.104062,1
9/13/2021,22,160.43,56.95,197,0,9,4.105,1
9/14/2021,25,148.74,53.7,201,1,9,4.102,1
9/15/2021,29,116.94,50.43,194,2,9,4.105,1
9/16/2021,15,116.34,40.69,139,3,9,4.113,1
9/17/2021,24,173,50.14,135,4,9,4.1055,1
9/18/2021,23,124.01,46.62,153,5,9,4.108,1
9/19/2021,18,117.29,41.62,182,6,9,4.108,1
9/20/2021,23,106.34,44.57,219,0,9,4.117,1
9/21/2021,26,117.14,43.08,167,1,9,4.11,1
9/22/2021,19,119.25,29.77,155,2,9,4.108,1
9/23/2021,28,119.02,47.25,152,3,9,4.11,1
9/24/2021,21,142.29,41.87,160,4,9,4.1055,1
9/25/2021,20,171.69,42,120,5,9,4.108,1
9/26/2021,13,167.26,41.17,154,6,9,4.108,1